id,donor_id,program_id,amount_kes,currency,fiscal_year,disbursed_to_date,funding_status
FUND-0dd85ae2,DONOR-dcf1ff15,PROG-a502bbfb,3469186,KES,2024,3273139,completed
FUND-5ba71d24,DONOR-dcf1ff15,PROG-a502bbfb,4225612,KES,2025,4132020,completed
FUND-ccf85f49,DONOR-dcf1ff15,PROG-a502bbfb,3093874,KES,2026,1928792,active
FUND-b71a7ef8,DONOR-dcf1ff15,PROG-7470f836,7938791,KES,2025,7499571,completed
FUND-a81cff8d,DONOR-dcf1ff15,PROG-7470f836,11280833,KES,2026,8350659,active
FUND-2e49d7d8,DONOR-dcf1ff15,PROG-da199d8b,7904664,KES,2025,7541841,completed
FUND-e2e43e1f,DONOR-dcf1ff15,PROG-da199d8b,2242827,KES,2026,968936,active
FUND-f2b70122,DONOR-dcf1ff15,PROG-d34f4cec,13494697,KES,2026,8188719,active
FUND-92d0d60a,DONOR-dcf1ff15,PROG-055f2cd4,14397014,KES,2025,13712727,completed
FUND-788ddd1b,DONOR-dcf1ff15,PROG-a0e0d78d,2100279,KES,2026,1232984,active
FUND-404a1d3b,DONOR-dcf1ff15,PROG-0c3fbd28,10805654,KES,2026,6536609,active
FUND-1a89542a,DONOR-dcf1ff15,PROG-dc32c3e9,14719612,KES,2025,14635774,completed
FUND-96b16a3f,DONOR-dcf1ff15,PROG-ae147777,2767190,KES,2024,2706313,completed
FUND-8ea25ed4,DONOR-dcf1ff15,PROG-ae147777,2494912,KES,2025,2255011,completed
FUND-7be650c9,DONOR-dcf1ff15,PROG-ae109715,7865978,KES,2026,3331369,suspended
FUND-b17a0d8b,DONOR-dcf1ff15,PROG-0a0324fa,11333700,KES,2025,10952447,completed
FUND-64705498,DONOR-dcf1ff15,PROG-0a0324fa,8910964,KES,2026,5226085,active
FUND-c8718fc4,DONOR-dcf1ff15,PROG-e80397c9,7685500,KES,2024,6644688,completed
FUND-5109b286,DONOR-dcf1ff15,PROG-e80397c9,7263500,KES,2025,7033186,completed
FUND-1723e1de,DONOR-dcf1ff15,PROG-de40b141,4571739,KES,2024,4509765,completed
FUND-3ccd81df,DONOR-dcf1ff15,PROG-ace82afc,6368777,KES,2026,4164739,active
FUND-c68ea25f,DONOR-56477b32,PROG-fc7b354b,8682698,KES,2024,7990250,completed
FUND-79310800,DONOR-56477b32,PROG-fc7b354b,6785186,KES,2025,6751874,completed
FUND-6abab01e,DONOR-56477b32,PROG-fc7b354b,4515030,KES,2026,1382788,suspended
FUND-5f336e10,DONOR-56477b32,PROG-8cf15bc4,7398338,KES,2025,6711431,completed
FUND-e2c88abd,DONOR-56477b32,PROG-dc32c3e9,11910069,KES,2024,10168265,completed
FUND-d2eaa1b4,DONOR-56477b32,PROG-dc32c3e9,14865803,KES,2025,12776898,completed
FUND-4955d172,DONOR-56477b32,PROG-bd4698ac,2767477,KES,2025,2410380,completed
FUND-81841a0b,DONOR-56477b32,PROG-bd4698ac,2776597,KES,2026,954417,suspended
FUND-06dc7bf5,DONOR-56477b32,PROG-0e8639f5,13853935,KES,2025,13318347,completed
FUND-986192f0,DONOR-56477b32,PROG-6a19579e,5480303,KES,2025,5164352,completed
FUND-e2620fb0,DONOR-56477b32,PROG-860280ab,4346630,KES,2025,3983719,completed
FUND-11ca6c04,DONOR-56477b32,PROG-860280ab,3980656,KES,2026,2169496,active
FUND-2ac06695,DONOR-56477b32,PROG-3efe6266,8628522,KES,2024,7579909,completed
FUND-9a27d2e3,DONOR-56477b32,PROG-3efe6266,5538024,KES,2025,5257885,completed
FUND-4c7a3f1c,DONOR-56477b32,PROG-3efe6266,4848566,KES,2026,3171241,active
FUND-082e4b0a,DONOR-56477b32,PROG-21c51332,5151087,KES,2025,5019594,completed
FUND-d264b167,DONOR-56477b32,PROG-5ffcdf85,2405765,KES,2026,1560056,active
FUND-f8f384e3,DONOR-206d1532,PROG-0c478853,3995914,KES,2026,1512097,active
FUND-1c033f11,DONOR-206d1532,PROG-ff57bf40,3706562,KES,2025,3415363,completed
FUND-bfd4a896,DONOR-206d1532,PROG-5b244900,11583392,KES,2025,10721307,completed
FUND-a8fd34b0,DONOR-206d1532,PROG-5b244900,9060517,KES,2026,4585701,active
FUND-1af24ceb,DONOR-206d1532,PROG-7610ad3c,2510240,KES,2024,2392044,completed
FUND-e33cd753,DONOR-206d1532,PROG-7610ad3c,6112673,KES,2025,6020311,completed
FUND-a73ad24b,DONOR-206d1532,PROG-7610ad3c,4702069,KES,2026,1677633,suspended
FUND-21c2d9cb,DONOR-206d1532,PROG-6ac30dd4,6599947,KES,2024,6594629,completed
FUND-0e7649b5,DONOR-206d1532,PROG-6ac30dd4,6450633,KES,2025,6068846,completed
FUND-d5745767,DONOR-206d1532,PROG-f5f07ba4,6607488,KES,2024,6063911,completed
FUND-891209c4,DONOR-206d1532,PROG-77574714,4843164,KES,2025,4418895,completed
FUND-b8d360e4,DONOR-206d1532,PROG-4432776f,10279729,KES,2024,10208171,completed
FUND-165ecc02,DONOR-206d1532,PROG-af20e065,5978447,KES,2024,5165286,completed
FUND-b32183b2,DONOR-206d1532,PROG-af20e065,2810041,KES,2025,2623049,completed
FUND-7d0f1a85,DONOR-206d1532,PROG-5c00be57,6710928,KES,2026,3253887,suspended
FUND-e7490598,DONOR-206d1532,PROG-8b381880,3863121,KES,2025,3631571,completed
FUND-cf28af11,DONOR-206d1532,PROG-8b381880,11512969,KES,2026,4255522,active
FUND-98f86385,DONOR-206d1532,PROG-8c0627d6,5927455,KES,2025,5716383,completed
FUND-ab8e1425,DONOR-206d1532,PROG-1619daa0,5599655,KES,2026,4021045,active
FUND-07f19b23,DONOR-206d1532,PROG-ae109715,4243514,KES,2025,4054274,completed
FUND-cd122719,DONOR-206d1532,PROG-ae109715,4591951,KES,2026,1752438,active
FUND-1e343890,DONOR-25e63543,PROG-85629e1e,8442241,KES,2026,4797731,active
FUND-4bf7969e,DONOR-25e63543,PROG-ddf8fbd0,2160224,KES,2025,1924361,completed
FUND-49c0113d,DONOR-25e63543,PROG-ddf8fbd0,3278446,KES,2026,1635682,active
FUND-d80e7991,DONOR-25e63543,PROG-c34cc69a,6297872,KES,2025,5457947,completed
FUND-90b360ec,DONOR-25e63543,PROG-e80397c9,6975570,KES,2024,5976756,completed
FUND-04f22928,DONOR-25e63543,PROG-e80397c9,5315709,KES,2025,4681351,completed
FUND-4d566e1b,DONOR-25e63543,PROG-10beab49,8856117,KES,2025,7963583,completed
FUND-9567d881,DONOR-25e63543,PROG-10beab49,6947669,KES,2026,2488193,suspended
FUND-b8b2df02,DONOR-25e63543,PROG-89d68327,8941939,KES,2024,8133236,completed
FUND-ab155348,DONOR-25e63543,PROG-89d68327,3314430,KES,2025,3275235,completed
FUND-30f56835,DONOR-25e63543,PROG-aaa510cb,6829817,KES,2025,6233260,completed
FUND-8f39ac2d,DONOR-25e63543,PROG-aaa510cb,2966144,KES,2026,1119253,suspended
FUND-ba091fed,DONOR-25e63543,PROG-c63f7e98,7784868,KES,2026,5293850,active
FUND-af61fa89,DONOR-25e63543,PROG-4013e47a,5319479,KES,2025,4837348,completed
FUND-ab97c56f,DONOR-25e63543,PROG-fc7b354b,8587964,KES,2026,2871564,suspended
FUND-7981fb60,DONOR-25e63543,PROG-4569954c,6277787,KES,2025,6021069,completed
FUND-41a94bd2,DONOR-25e63543,PROG-ff2c588f,2490983,KES,2025,2212977,completed
FUND-c32c2320,DONOR-25e63543,PROG-ff2c588f,4026644,KES,2026,1344533,suspended
FUND-12b7a2a3,DONOR-25e63543,PROG-4cb533cf,4687155,KES,2026,2762358,active
FUND-5f7154d8,DONOR-25e63543,PROG-ae147777,4130740,KES,2024,3783611,completed
FUND-e57b9eea,DONOR-25e63543,PROG-ae147777,3354755,KES,2025,3149152,completed
FUND-81eb0c4f,DONOR-25e63543,PROG-ae147777,3627925,KES,2026,1842203,active
FUND-6c495bc7,DONOR-bec3088f,PROG-2f07ec2b,2757461,KES,2024,2535228,completed
FUND-f6e4227e,DONOR-bec3088f,PROG-2f07ec2b,6649942,KES,2025,6559220,completed
FUND-08fda843,DONOR-bec3088f,PROG-5eed137e,2848580,KES,2026,1047957,active
FUND-35dfd641,DONOR-bec3088f,PROG-0e8639f5,12464927,KES,2026,7363745,active
FUND-41c4904a,DONOR-bec3088f,PROG-bdd0cc6c,3336091,KES,2024,3097268,completed
FUND-070d7b38,DONOR-bec3088f,PROG-c254e45c,5127709,KES,2025,4954237,completed
FUND-7061113b,DONOR-2eba112c,PROG-5af62ded,8592886,KES,2025,8055065,completed
FUND-2504640d,DONOR-2eba112c,PROG-5af62ded,8204824,KES,2026,2937559,suspended
FUND-afe0ab38,DONOR-2eba112c,PROG-a46ac700,4596961,KES,2025,4453303,completed
FUND-9615bf21,DONOR-2eba112c,PROG-a46ac700,3072011,KES,2026,1814671,active
FUND-a3705ba1,DONOR-2eba112c,PROG-dbcb96bd,9181912,KES,2026,3499395,active
FUND-62798a1c,DONOR-2eba112c,PROG-1b7c4853,6800761,KES,2026,2514414,active
FUND-50c5ada1,DONOR-2eba112c,PROG-f5f0c50b,11833734,KES,2025,11233638,completed
FUND-c6ba6c15,DONOR-2eba112c,PROG-f5f0c50b,9320310,KES,2026,3476580,suspended
FUND-efbde43e,DONOR-2eba112c,PROG-d08e679f,4524860,KES,2025,4124993,completed
FUND-4e2397f8,DONOR-2eba112c,PROG-d08e679f,4518161,KES,2026,2596894,active
FUND-6ecdafe0,DONOR-2eba112c,PROG-3cc79871,5765880,KES,2025,5168651,completed
FUND-fe1ec2b5,DONOR-2eba112c,PROG-3cc79871,5934388,KES,2026,4409238,active
FUND-4a18ff06,DONOR-2eba112c,PROG-a502bbfb,4763688,KES,2026,2559801,active
FUND-a56d09f8,DONOR-2eba112c,PROG-fc8539a4,3675185,KES,2024,3152673,completed
FUND-574dea3f,DONOR-2eba112c,PROG-fc8539a4,6031486,KES,2025,5896833,completed
FUND-4d7a95f5,DONOR-2eba112c,PROG-fc8539a4,4391281,KES,2026,2205273,active
FUND-14a42a81,DONOR-2eba112c,PROG-dd95776f,6725179,KES,2026,4694736,active
FUND-c842e527,DONOR-2eba112c,PROG-b8b2bf06,9651393,KES,2025,8745071,completed
FUND-4a1777d2,DONOR-2eba112c,PROG-b8b2bf06,9289990,KES,2026,2904835,active
FUND-281319d3,DONOR-2eba112c,PROG-483dea91,2906309,KES,2025,2487061,completed
FUND-42fca62b,DONOR-2eba112c,PROG-483dea91,4419537,KES,2026,2218036,active
FUND-b2452385,DONOR-2eba112c,PROG-b11e144c,1579708,KES,2024,1540601,completed
FUND-67a0adbc,DONOR-2eba112c,PROG-77574714,7107656,KES,2026,4614842,active
FUND-043da4cd,DONOR-2eba112c,PROG-a56e19fd,11043503,KES,2025,10445417,completed
FUND-fdb8e499,DONOR-41e4a318,PROG-f051b9cf,1506561,KES,2025,1409538,completed
FUND-bb3dcacf,DONOR-41e4a318,PROG-3cc79871,7605392,KES,2025,6541792,completed
FUND-4c9a3b60,DONOR-41e4a318,PROG-5c00be57,6255773,KES,2026,1933975,active
FUND-42b781d0,DONOR-41e4a318,PROG-5b970cc8,4272499,KES,2024,3860477,completed
FUND-0fdafac6,DONOR-41e4a318,PROG-43b7f932,13762717,KES,2024,13216035,completed
FUND-9802e31d,DONOR-41e4a318,PROG-feed88eb,8679880,KES,2026,3287853,suspended
FUND-034d90b3,DONOR-41e4a318,PROG-9fe90568,6058117,KES,2026,1989457,active
FUND-5dfa93f3,DONOR-41e4a318,PROG-3ff19543,6346548,KES,2024,5695007,completed
FUND-d81f5a37,DONOR-41e4a318,PROG-e109788d,5340545,KES,2026,1690172,suspended
FUND-40d69a72,DONOR-41e4a318,PROG-1b7c4853,3802018,KES,2025,3387531,completed
FUND-534cad33,DONOR-41e4a318,PROG-b3c8c997,10377556,KES,2025,9348678,completed
FUND-1cc7864f,DONOR-41e4a318,PROG-b3c8c997,11347057,KES,2026,8123809,active
FUND-22640bd8,DONOR-41e4a318,PROG-adb8dd55,10121922,KES,2026,4997934,active
FUND-bc9f4a62,DONOR-41e4a318,PROG-f51b3d73,4694516,KES,2026,2804568,active
FUND-d1f6cb44,DONOR-41e4a318,PROG-b9945a45,10149041,KES,2026,6194915,active
FUND-c43e229b,DONOR-a9bfc7a5,PROG-12e377cd,1814745,KES,2024,1682201,completed
FUND-99be3601,DONOR-a9bfc7a5,PROG-12e377cd,2171032,KES,2025,2121750,completed
FUND-d2c6f4f1,DONOR-a9bfc7a5,PROG-12e377cd,4777059,KES,2026,1704471,active
FUND-096dd0e8,DONOR-a9bfc7a5,PROG-05bef3b8,5072985,KES,2025,4336681,completed
FUND-0d943468,DONOR-a9bfc7a5,PROG-05bef3b8,3287132,KES,2026,1536425,active
FUND-2605552f,DONOR-a9bfc7a5,PROG-0dfc281b,9274512,KES,2026,5493315,active
FUND-f39faede,DONOR-a9bfc7a5,PROG-7470f836,12372568,KES,2025,11477559,completed
FUND-4b45d458,DONOR-a9bfc7a5,PROG-dc32c3e9,11487220,KES,2025,10133860,completed
FUND-f5336e1f,DONOR-a9bfc7a5,PROG-dc32c3e9,7358435,KES,2026,2613619,active
FUND-92b7d2b0,DONOR-a9bfc7a5,PROG-66ed5471,3366931,KES,2026,2021936,active
FUND-428904e6,DONOR-a9bfc7a5,PROG-828a29a3,7871470,KES,2024,7695970,completed
FUND-0953db42,DONOR-a9bfc7a5,PROG-828a29a3,5920762,KES,2025,5484481,completed
FUND-39ced198,DONOR-a9bfc7a5,PROG-286937a7,4822164,KES,2025,4670536,completed
FUND-9a781f02,DONOR-a9bfc7a5,PROG-ff57bf40,3900305,KES,2024,3785438,completed
FUND-f74d5227,DONOR-a9bfc7a5,PROG-373263ea,4103070,KES,2026,1966076,suspended
FUND-cfbd459a,DONOR-fe1cf3bd,PROG-0c3fbd28,6052834,KES,2024,5537694,completed
FUND-b850b71c,DONOR-fe1cf3bd,PROG-0c3fbd28,5083077,KES,2025,4437284,completed
FUND-227b8728,DONOR-fe1cf3bd,PROG-dd577742,4475154,KES,2025,4439901,completed
FUND-7d61f3ed,DONOR-fe1cf3bd,PROG-ab8ae865,7293399,KES,2026,4272296,active
FUND-dcdc17ec,DONOR-fe1cf3bd,PROG-de40b141,4121533,KES,2026,2225896,active
FUND-98944cf8,DONOR-fe1cf3bd,PROG-3f636f97,6872269,KES,2026,4098826,active
FUND-53c38abc,DONOR-fe1cf3bd,PROG-adb8dd55,3691125,KES,2024,3182427,completed
FUND-55b5a783,DONOR-fe1cf3bd,PROG-adb8dd55,7440189,KES,2025,6559429,completed
FUND-96c58d05,DONOR-fe1cf3bd,PROG-1f06b575,7185069,KES,2026,5029897,active
FUND-7b04e0b8,DONOR-fe1cf3bd,PROG-fb737e33,7384708,KES,2026,4889487,active
FUND-62169fa4,DONOR-fe1cf3bd,PROG-17ca6321,3402301,KES,2024,2972631,completed
FUND-4053495f,DONOR-fe1cf3bd,PROG-17ca6321,3531096,KES,2025,3181619,completed
FUND-d52a59b0,DONOR-fe1cf3bd,PROG-f3678757,8794356,KES,2025,7647703,completed
FUND-830778cf,DONOR-fe1cf3bd,PROG-5859e5a5,1945367,KES,2026,991967,active
FUND-53d20c03,DONOR-fe1cf3bd,PROG-36f507bd,2090883,KES,2026,900325,active
FUND-c93a9223,DONOR-60bba210,PROG-4cb533cf,3591949,KES,2024,3065644,completed
FUND-1ca1549e,DONOR-60bba210,PROG-4cb533cf,3619987,KES,2025,3193812,completed
FUND-eb24a523,DONOR-60bba210,PROG-4cb533cf,1704087,KES,2026,890730,active
FUND-25ad766e,DONOR-60bba210,PROG-83c20fad,7488330,KES,2025,6967918,completed
FUND-b0c0c2fc,DONOR-60bba210,PROG-83c20fad,2901750,KES,2026,1820496,active
FUND-355ed0b4,DONOR-60bba210,PROG-8c0627d6,4858283,KES,2025,4545129,completed
FUND-ce5fa75f,DONOR-60bba210,PROG-8c0627d6,5233658,KES,2026,2480005,active
FUND-c5b44941,DONOR-60bba210,PROG-f6c7609c,6158613,KES,2025,6135595,completed
FUND-43e0bf57,DONOR-60bba210,PROG-f6c7609c,13358865,KES,2026,9652139,active
FUND-9e0f710c,DONOR-60bba210,PROG-ced265e0,3669818,KES,2025,3394625,completed
FUND-c5ebbf9c,DONOR-60bba210,PROG-ced265e0,2380032,KES,2026,1575069,active
FUND-67f5e34f,DONOR-60bba210,PROG-9c31bb5a,6345135,KES,2026,2839985,suspended
FUND-0505a733,DONOR-60bba210,PROG-f7b3a2f9,4085790,KES,2026,1844195,suspended
FUND-0fbb0a2d,DONOR-60bba210,PROG-edd8baa9,11967375,KES,2026,7983280,active
FUND-ee38befd,DONOR-60bba210,PROG-adb8dd55,9988386,KES,2026,4379458,suspended
FUND-13b2fd29,DONOR-60bba210,PROG-0a0324fa,10962302,KES,2025,10908155,completed
FUND-280a5203,DONOR-60bba210,PROG-0a0324fa,6817541,KES,2026,3835450,active
FUND-710cf452,DONOR-60bba210,PROG-2b1fc634,4524860,KES,2025,4403816,completed
FUND-8221da68,DONOR-60bba210,PROG-8659089c,6803067,KES,2025,5801932,completed
FUND-28351c74,DONOR-60bba210,PROG-fa593e31,10884990,KES,2026,5723532,active
FUND-f2756bad,DONOR-60bba210,PROG-feed88eb,4044906,KES,2024,3752874,completed
FUND-434f007d,DONOR-60bba210,PROG-feed88eb,11025733,KES,2025,9995088,completed
FUND-e79badaf,DONOR-f800b7de,PROG-f051b9cf,4198233,KES,2025,3873403,completed
FUND-030bb918,DONOR-f800b7de,PROG-f051b9cf,2670237,KES,2026,1932366,active
FUND-baae2b4b,DONOR-f800b7de,PROG-dc32c3e9,12204110,KES,2024,10953874,completed
FUND-ea57f823,DONOR-f800b7de,PROG-dc32c3e9,8828304,KES,2025,7665450,completed
FUND-63aaaf98,DONOR-f800b7de,PROG-dc32c3e9,10619156,KES,2026,7096462,active
FUND-936027b4,DONOR-f800b7de,PROG-154089d9,3705758,KES,2024,3680919,completed
FUND-b6b0bad1,DONOR-f800b7de,PROG-154089d9,10421839,KES,2025,10026859,completed
FUND-36bfe229,DONOR-f800b7de,PROG-154089d9,7548852,KES,2026,4629538,active
FUND-e2323f7a,DONOR-f800b7de,PROG-e041816d,4607521,KES,2025,3951478,completed
FUND-2b6049cc,DONOR-f800b7de,PROG-4b1a75a8,6906349,KES,2025,5974197,completed
FUND-15e32302,DONOR-f800b7de,PROG-4b1a75a8,10925622,KES,2026,6626787,active
FUND-1287328d,DONOR-f800b7de,PROG-66ed5471,2162452,KES,2025,2141379,completed
FUND-214e091e,DONOR-f800b7de,PROG-b8b2bf06,6346315,KES,2025,5700102,completed
FUND-f83e6a8d,DONOR-f800b7de,PROG-b8b2bf06,4500901,KES,2026,2513123,active
FUND-d07beaa4,DONOR-98a66706,PROG-10beab49,4628578,KES,2025,3940725,completed
FUND-fd09f979,DONOR-98a66706,PROG-10beab49,9621073,KES,2026,4118327,suspended
FUND-e181e76c,DONOR-98a66706,PROG-a56e19fd,11852085,KES,2026,5010785,active
FUND-e4bcf401,DONOR-98a66706,PROG-3c01c9e2,7123902,KES,2026,2182321,active
FUND-9b9031ca,DONOR-98a66706,PROG-edd8baa9,6944316,KES,2025,6539068,completed
FUND-1c113198,DONOR-98a66706,PROG-edd8baa9,12644974,KES,2026,5659473,active
FUND-18de2c62,DONOR-98a66706,PROG-324887b3,3550057,KES,2024,3515883,completed
FUND-87880d38,DONOR-98a66706,PROG-324887b3,2057295,KES,2025,1886561,completed
FUND-f7ce90cb,DONOR-98a66706,PROG-dc32c3e9,8388133,KES,2026,4983872,active
FUND-f62f9fa6,DONOR-98a66706,PROG-4f7dd3ef,11808032,KES,2024,10580244,completed
FUND-316c26f6,DONOR-98a66706,PROG-4f7dd3ef,9217344,KES,2025,8789139,completed
FUND-e3368782,DONOR-98a66706,PROG-af20e065,4474954,KES,2024,4446333,completed
FUND-78bb9023,DONOR-98a66706,PROG-af20e065,6011280,KES,2025,5446483,completed
FUND-b507dd93,DONOR-98a66706,PROG-54050097,4676558,KES,2024,4452323,completed
FUND-33ec118c,DONOR-98a66706,PROG-54050097,4802472,KES,2025,4403925,completed
FUND-ebe9bb16,DONOR-98a66706,PROG-dfe287ef,5036128,KES,2024,4906781,completed
FUND-61c1edd7,DONOR-98a66706,PROG-dfe287ef,6760475,KES,2025,6079138,completed
FUND-41825c3b,DONOR-98a66706,PROG-5b970cc8,13783594,KES,2026,7167091,active
FUND-62d10b40,DONOR-98a66706,PROG-1253c3ea,5736979,KES,2025,4989976,completed
FUND-ed94082d,DONOR-98a66706,PROG-1253c3ea,5484833,KES,2026,2786680,active
FUND-bfd4feb0,DONOR-98a66706,PROG-4132bd2d,3160729,KES,2025,3040213,completed
FUND-9a19543a,DONOR-98a66706,PROG-4132bd2d,1806308,KES,2026,821939,active
FUND-80b107f2,DONOR-230e0b32,PROG-cd46d603,5526251,KES,2024,5418174,completed
FUND-523ec5ba,DONOR-230e0b32,PROG-cd46d603,5166668,KES,2025,4494735,completed
FUND-2b2e7e7f,DONOR-230e0b32,PROG-edd8baa9,12872505,KES,2025,11187521,completed
FUND-9236ff77,DONOR-230e0b32,PROG-edd8baa9,9005700,KES,2026,4578063,active
FUND-0fa6dae3,DONOR-230e0b32,PROG-d64ed648,7853123,KES,2024,6966716,completed
FUND-6109cc58,DONOR-230e0b32,PROG-d64ed648,7162177,KES,2025,7094935,completed
FUND-c46b972e,DONOR-230e0b32,PROG-c34cc69a,2946609,KES,2024,2843207,completed
FUND-06be3ea6,DONOR-230e0b32,PROG-c34cc69a,2131246,KES,2025,1843814,completed
FUND-4f163770,DONOR-230e0b32,PROG-6e2aa30e,4318671,KES,2024,4150593,completed
FUND-213a8493,DONOR-230e0b32,PROG-54f8ce8a,3965780,KES,2026,1439820,active
FUND-e749b975,DONOR-230e0b32,PROG-bdd0cc6c,2837579,KES,2025,2540384,completed
FUND-5f5c3e84,DONOR-230e0b32,PROG-de40b141,3686285,KES,2025,3299502,completed
FUND-b60c5fde,DONOR-230e0b32,PROG-eb03aa49,6963263,KES,2024,6627721,completed
FUND-70a8b6ce,DONOR-230e0b32,PROG-ab8ae865,12799030,KES,2026,5675480,active
FUND-f144892e,DONOR-230e0b32,PROG-4931b340,4515647,KES,2026,2316904,active
FUND-279bfcec,DONOR-230e0b32,PROG-f3678757,5421820,KES,2025,5352481,completed
FUND-aeddd4c9,DONOR-230e0b32,PROG-f3678757,9987842,KES,2026,5378416,active
FUND-590a54f2,DONOR-230e0b32,PROG-0dfc281b,14849923,KES,2026,4983362,active
FUND-44f680cc,DONOR-a47761f8,PROG-c63f7e98,2610559,KES,2024,2300773,completed
FUND-bd98ce26,DONOR-a47761f8,PROG-c63f7e98,4793107,KES,2025,4747927,completed
FUND-4022f2bc,DONOR-a47761f8,PROG-3ff19543,11034958,KES,2024,10531145,completed
FUND-8a846154,DONOR-a47761f8,PROG-3ff19543,9654381,KES,2025,9005721,completed
FUND-4489570c,DONOR-a47761f8,PROG-3ff19543,10822384,KES,2026,6406035,active
FUND-d55f567c,DONOR-a47761f8,PROG-a56e19fd,11818250,KES,2026,4069895,suspended
FUND-0ffb517e,DONOR-a47761f8,PROG-0e8639f5,9249960,KES,2026,4497965,suspended
FUND-a06a6236,DONOR-a47761f8,PROG-8659089c,3224088,KES,2025,3192536,completed
FUND-7ab42842,DONOR-a47761f8,PROG-8659089c,6858202,KES,2026,2527831,active
FUND-3341e415,DONOR-a47761f8,PROG-a46ac700,6779740,KES,2025,6322761,completed
FUND-f5c4e913,DONOR-a47761f8,PROG-9ce19e72,2579306,KES,2025,2478556,completed
FUND-d1353fdc,DONOR-a47761f8,PROG-9ce19e72,2205623,KES,2026,800600,suspended
FUND-3882c53b,DONOR-a47761f8,PROG-ff2c588f,4191943,KES,2026,1321387,active
FUND-465bd478,DONOR-a47761f8,PROG-eb1c24d8,3107102,KES,2025,2705117,completed
FUND-1e480899,DONOR-a47761f8,PROG-eb1c24d8,4140312,KES,2026,1259125,suspended
FUND-03d95b8d,DONOR-a47761f8,PROG-be2f87c2,11106820,KES,2026,3410674,suspended
FUND-118c8d5f,DONOR-529c747b,PROG-dd577742,1948859,KES,2025,1700057,completed
FUND-2a929272,DONOR-529c747b,PROG-dd577742,4099549,KES,2026,2733770,active
FUND-064d50ed,DONOR-529c747b,PROG-ae109715,5329408,KES,2026,2699606,active
FUND-c3f11083,DONOR-529c747b,PROG-e109788d,7848842,KES,2025,7441176,completed
FUND-2276ec55,DONOR-529c747b,PROG-fc7b354b,9799441,KES,2025,8883932,completed
FUND-d22ec169,DONOR-529c747b,PROG-fc7b354b,3158547,KES,2026,1065090,active
FUND-2b9d8c93,DONOR-529c747b,PROG-0a0324fa,4599906,KES,2024,4544122,completed
FUND-af5e7e62,DONOR-529c747b,PROG-0a0324fa,10977571,KES,2025,9407606,completed
FUND-dcad99c9,DONOR-529c747b,PROG-ff57bf40,3777635,KES,2024,3737271,completed
FUND-a42ce5c9,DONOR-529c747b,PROG-3ff19543,5419132,KES,2026,3890903,active
FUND-26dc5539,DONOR-529c747b,PROG-bdd0cc6c,2508613,KES,2026,1127066,suspended
FUND-484d8e80,DONOR-529c747b,PROG-8cf15bc4,4315798,KES,2025,4151014,completed
FUND-51cdaaff,DONOR-529c747b,PROG-9c31bb5a,5275374,KES,2026,2391152,suspended
FUND-ab2d8b8c,DONOR-529c747b,PROG-58440103,8475691,KES,2024,8010532,completed
FUND-1f0efb95,DONOR-529c747b,PROG-58440103,6827527,KES,2025,6369780,completed
FUND-07c3aea7,DONOR-529c747b,PROG-58440103,6116163,KES,2026,3653199,active
FUND-08265b38,DONOR-529c747b,PROG-eb1c24d8,7134741,KES,2024,6152328,completed
FUND-70576fc2,DONOR-529c747b,PROG-7d9bc9c1,4787874,KES,2025,4297125,completed
FUND-7218a360,DONOR-cb8d611d,PROG-c63f7e98,2857579,KES,2025,2613676,completed
FUND-20af1a4f,DONOR-cb8d611d,PROG-c63f7e98,6672329,KES,2026,2311841,active
FUND-8a527e2a,DONOR-cb8d611d,PROG-325861d4,2780679,KES,2026,849646,active
FUND-6f3cd5b5,DONOR-cb8d611d,PROG-21c51332,13595903,KES,2026,7266970,active
FUND-38a9275b,DONOR-cb8d611d,PROG-7ccb0bcb,2082337,KES,2024,1853823,completed
FUND-9dab8746,DONOR-cb8d611d,PROG-7ccb0bcb,1765361,KES,2025,1573633,completed
FUND-a634980b,DONOR-cb8d611d,PROG-1998575f,3014667,KES,2026,1882372,active
FUND-d796bba5,DONOR-cb8d611d,PROG-02a826e9,2320188,KES,2026,837519,active
FUND-482eb4a7,DONOR-9a615fd3,PROG-d08e679f,2070947,KES,2025,1947688,completed
FUND-cef3cf7f,DONOR-9a615fd3,PROG-d08e679f,2342432,KES,2026,889976,active
FUND-1fc55898,DONOR-9a615fd3,PROG-ce4fe570,13661651,KES,2024,13214862,completed
FUND-f871e928,DONOR-9a615fd3,PROG-ce4fe570,10592357,KES,2025,9583460,completed
FUND-2fcf4ae4,DONOR-9a615fd3,PROG-ce4fe570,13229132,KES,2026,4128974,suspended
FUND-5af0abce,DONOR-9a615fd3,PROG-3d5ab23d,10356053,KES,2026,6980775,active
FUND-84128018,DONOR-9a615fd3,PROG-1f8ed400,4322672,KES,2024,4084927,completed
FUND-55767fd4,DONOR-9a615fd3,PROG-56db292e,10324856,KES,2025,8890680,completed
FUND-51799306,DONOR-9a615fd3,PROG-8e0a016e,12965197,KES,2024,12005667,completed
FUND-a008b77a,DONOR-9a615fd3,PROG-8e0a016e,10031903,KES,2025,9582927,completed
FUND-6e38f559,DONOR-9a615fd3,PROG-8e0a016e,5834914,KES,2026,3769526,active
FUND-f73e7190,DONOR-9a615fd3,PROG-a502bbfb,2197674,KES,2024,2192270,completed
FUND-8c9c4eae,DONOR-9a615fd3,PROG-a502bbfb,4212639,KES,2025,4190976,completed
FUND-29cc9e3e,DONOR-9a615fd3,PROG-a0e0d78d,1913585,KES,2026,1013826,active
FUND-b9825367,DONOR-9a615fd3,PROG-7d9bc9c1,4384273,KES,2026,2053391,active
FUND-1c1808f0,DONOR-9a615fd3,PROG-9c31bb5a,6529080,KES,2025,5887566,completed
FUND-f250d3a9,DONOR-9a615fd3,PROG-9c31bb5a,8956530,KES,2026,4363522,active
FUND-e6dbc2ec,DONOR-9a615fd3,PROG-3f636f97,9755703,KES,2025,8958661,completed
FUND-dfde4c80,DONOR-7a4ec3fe,PROG-d3069c0f,3749657,KES,2026,1163006,active
FUND-f0f528f0,DONOR-7a4ec3fe,PROG-5ffcdf85,4855653,KES,2024,4503128,completed
FUND-225052c5,DONOR-7a4ec3fe,PROG-5ffcdf85,2171657,KES,2025,1984798,completed
FUND-2ed72429,DONOR-7a4ec3fe,PROG-c737ca62,4141406,KES,2026,2436039,active
FUND-0cafe364,DONOR-7a4ec3fe,PROG-42104c80,4592830,KES,2026,2601799,active
FUND-7466b508,DONOR-7a4ec3fe,PROG-fc8539a4,7911750,KES,2026,5052020,active
FUND-bd222d05,DONOR-7a4ec3fe,PROG-a0e0d78d,3921572,KES,2025,3443313,completed
FUND-4bcd7272,DONOR-7a4ec3fe,PROG-a0e0d78d,2326589,KES,2026,972652,active
FUND-924ee1be,DONOR-7a4ec3fe,PROG-0a0324fa,9520284,KES,2026,4537794,active
FUND-12f71a30,DONOR-7a4ec3fe,PROG-58440103,5894531,KES,2026,4205201,active
FUND-6f28ffa8,DONOR-29e9ab7f,PROG-9e60e575,3156514,KES,2026,1210805,suspended
FUND-80797e32,DONOR-29e9ab7f,PROG-eb1c24d8,5799538,KES,2026,2493660,active
FUND-651ee5b3,DONOR-29e9ab7f,PROG-4931b340,5783270,KES,2026,4212123,active
FUND-68d25397,DONOR-29e9ab7f,PROG-2b1fc634,4919263,KES,2026,2594651,active
FUND-a9f278e3,DONOR-29e9ab7f,PROG-40c80781,7743651,KES,2026,4026039,active
FUND-a7cd93d1,DONOR-29e9ab7f,PROG-f51b3d73,2258878,KES,2024,1931124,completed
FUND-a4fd54f3,DONOR-29e9ab7f,PROG-7ccb0bcb,2205519,KES,2025,2120337,completed
FUND-e706837b,DONOR-29e9ab7f,PROG-a24f96d3,6611437,KES,2025,5732982,completed
FUND-9b0a1b0f,DONOR-29e9ab7f,PROG-a24f96d3,6555904,KES,2026,4393602,active
FUND-03a14cea,DONOR-29e9ab7f,PROG-eb03aa49,5702451,KES,2024,4934687,completed
FUND-a3127b31,DONOR-29e9ab7f,PROG-e9384c4f,2748681,KES,2025,2444738,completed
FUND-dd597c60,DONOR-29e9ab7f,PROG-e9384c4f,3341592,KES,2026,1318075,suspended
FUND-62e230cd,DONOR-29e9ab7f,PROG-0cf61d24,10183451,KES,2026,5878581,active
FUND-06ab768e,DONOR-29e9ab7f,PROG-e80397c9,3735961,KES,2025,3372162,completed
FUND-fe2a162f,DONOR-29e9ab7f,PROG-e80397c9,4357912,KES,2026,3227252,active
FUND-95310ada,DONOR-29e9ab7f,PROG-7463bbcd,11630451,KES,2026,4198767,active
FUND-e9976a63,DONOR-29e9ab7f,PROG-c518bee3,4251028,KES,2025,3772582,completed
FUND-0bda8fd8,DONOR-29e9ab7f,PROG-c518bee3,2850971,KES,2026,1483236,active
FUND-cebbbc62,DONOR-0ae96fd3,PROG-1b7c4853,10628527,KES,2024,9556038,completed
FUND-c1180c75,DONOR-0ae96fd3,PROG-1b7c4853,4562657,KES,2025,4312742,completed
FUND-0553c476,DONOR-0ae96fd3,PROG-9ce19e72,4837315,KES,2024,4269775,completed
FUND-2b9bd54b,DONOR-0ae96fd3,PROG-9ce19e72,4959661,KES,2025,4415490,completed
FUND-68443eab,DONOR-0ae96fd3,PROG-95ef02ad,5191007,KES,2025,5076096,completed
FUND-81fe37d4,DONOR-0ae96fd3,PROG-95ef02ad,3812172,KES,2026,1314470,active
FUND-3974c352,DONOR-0ae96fd3,PROG-54050097,3350887,KES,2024,3346785,completed
FUND-f604a80f,DONOR-0ae96fd3,PROG-ff2c588f,2053283,KES,2026,1423932,active
FUND-148914ed,DONOR-0ae96fd3,PROG-5859e5a5,4245540,KES,2025,3661197,completed
FUND-34bde494,DONOR-0ae96fd3,PROG-5859e5a5,4221730,KES,2026,2019480,active
FUND-0d5eb466,DONOR-0ae96fd3,PROG-c254e45c,3964140,KES,2024,3370165,completed
FUND-ada8f2f5,DONOR-0ae96fd3,PROG-c254e45c,5999744,KES,2025,5303345,completed
FUND-24abad12,DONOR-0ae96fd3,PROG-89d68327,8764217,KES,2024,8748645,completed
FUND-e45c64d1,DONOR-0ae96fd3,PROG-89d68327,5217531,KES,2025,4490334,completed
FUND-f3c27965,DONOR-0ae96fd3,PROG-915b15d8,10166661,KES,2026,7080521,active
FUND-9d6eb7c2,DONOR-0ae96fd3,PROG-dfe287ef,5147756,KES,2025,4785232,completed
FUND-fdc864d4,DONOR-0ae96fd3,PROG-ab8ae865,9891952,KES,2024,9480099,completed
FUND-2cd2a17f,DONOR-0ae96fd3,PROG-c63f7e98,3269818,KES,2024,2821863,completed
FUND-4ebafecf,DONOR-0ae96fd3,PROG-c63f7e98,2842762,KES,2025,2727634,completed
FUND-b8bf68b2,DONOR-0ae96fd3,PROG-6e13fa05,2819123,KES,2026,1197100,active
FUND-5181ade7,DONOR-0ae96fd3,PROG-b3c8c997,7780177,KES,2025,7602663,completed
FUND-de86f733,DONOR-20aa625a,PROG-520100dc,8044680,KES,2024,7440825,completed
FUND-46ea13b7,DONOR-20aa625a,PROG-520100dc,4202450,KES,2025,4194181,completed
FUND-a566a1f7,DONOR-20aa625a,PROG-520100dc,13535840,KES,2026,6624286,suspended
FUND-34af0806,DONOR-20aa625a,PROG-b4b1c2de,4731153,KES,2024,4438316,completed
FUND-a637a46c,DONOR-20aa625a,PROG-b4b1c2de,2599684,KES,2025,2569494,completed
FUND-cd2c3e19,DONOR-20aa625a,PROG-9847dded,5338456,KES,2025,5108338,completed
FUND-ac269fc8,DONOR-20aa625a,PROG-9847dded,5484896,KES,2026,3226445,active
FUND-867bf959,DONOR-20aa625a,PROG-2baf66ee,4402526,KES,2026,1477310,active
FUND-8af886be,DONOR-20aa625a,PROG-c14cbf07,8481960,KES,2024,7955786,completed
FUND-39000b73,DONOR-20aa625a,PROG-c14cbf07,4109227,KES,2025,3923496,completed
FUND-cb3538db,DONOR-20aa625a,PROG-c14cbf07,7101689,KES,2026,5085395,active
FUND-89a07623,DONOR-20aa625a,PROG-7463bbcd,3923227,KES,2025,3726720,completed
FUND-d14c9e2a,DONOR-20aa625a,PROG-8659089c,3473424,KES,2024,3317901,completed
FUND-e83ea3bf,DONOR-20aa625a,PROG-8659089c,3374327,KES,2025,3129970,completed
FUND-8f89bdd5,DONOR-20aa625a,PROG-4013e47a,6129542,KES,2025,5899479,completed
FUND-3f8a0b94,DONOR-20aa625a,PROG-4013e47a,4492516,KES,2026,2025024,active
FUND-81a438dc,DONOR-20aa625a,PROG-4986a661,2602890,KES,2026,1314040,active
FUND-4bde301d,DONOR-20aa625a,PROG-3c340187,3877692,KES,2026,1437807,active
FUND-d058b5b4,DONOR-20aa625a,PROG-f5f0c50b,4934976,KES,2025,4743089,completed
FUND-ea5f4647,DONOR-20aa625a,PROG-f5f0c50b,3206159,KES,2026,1028189,active
FUND-372136eb,DONOR-20aa625a,PROG-a46ac700,3259001,KES,2026,2155510,active
FUND-dfe832a9,DONOR-20aa625a,PROG-08aa2569,9398941,KES,2024,8339112,completed
FUND-b3375450,DONOR-20aa625a,PROG-08aa2569,13588782,KES,2025,12310366,completed
FUND-307c4cf4,DONOR-20aa625a,PROG-5b5b04ab,12653253,KES,2026,9384111,active
FUND-9b7ddf2a,DONOR-20aa625a,PROG-915b15d8,9212643,KES,2024,8283043,completed
FUND-30661357,DONOR-20aa625a,PROG-915b15d8,10189439,KES,2025,8967732,completed
FUND-d5087192,DONOR-20aa625a,PROG-915b15d8,14447466,KES,2026,5911366,active
FUND-e2cfd79d,DONOR-aa568b30,PROG-40a38dca,3160974,KES,2024,2687521,completed
FUND-159a5cd9,DONOR-aa568b30,PROG-abe72372,12888812,KES,2024,12856169,completed
FUND-6a7323ef,DONOR-aa568b30,PROG-abe72372,6388630,KES,2025,6112308,completed
FUND-27c1f5a5,DONOR-aa568b30,PROG-324998e2,10249378,KES,2024,9416808,completed
FUND-41583e9d,DONOR-aa568b30,PROG-8b682305,6871857,KES,2024,6497907,completed
FUND-e2f21557,DONOR-aa568b30,PROG-8b682305,5308058,KES,2025,5039293,completed
FUND-24ffb0cd,DONOR-aa568b30,PROG-5dd1e686,10592651,KES,2025,10117135,completed
FUND-126be686,DONOR-aa568b30,PROG-f6c7609c,7919346,KES,2024,6820165,completed
FUND-71d57940,DONOR-aa568b30,PROG-f6c7609c,6607356,KES,2025,5720970,completed
FUND-62c34a94,DONOR-aa568b30,PROG-4b1a75a8,5025626,KES,2026,2317966,active
FUND-447defde,DONOR-aa568b30,PROG-e72db8da,5517010,KES,2026,2046408,suspended
FUND-2f216fd4,DONOR-aa568b30,PROG-915b15d8,7607450,KES,2026,5143900,active
FUND-0d15bcbb,DONOR-aa568b30,PROG-397ae435,2765149,KES,2026,1322598,active
FUND-24e41e31,DONOR-aa568b30,PROG-5fb95eae,4182437,KES,2024,4152384,completed
FUND-c5dead55,DONOR-aa568b30,PROG-5fb95eae,5793338,KES,2025,5325853,completed
FUND-baf4fa1f,DONOR-aa568b30,PROG-325861d4,3172669,KES,2025,3091943,completed
FUND-5efd3524,DONOR-aa568b30,PROG-325861d4,3864688,KES,2026,1806772,suspended
FUND-37969eb1,DONOR-aa568b30,PROG-ced96c40,5258076,KES,2025,4486559,completed
FUND-3321cdaf,DONOR-aa568b30,PROG-ced96c40,6160763,KES,2026,2103225,active
FUND-566da857,DONOR-aa568b30,PROG-de40b141,1712389,KES,2025,1566790,completed
FUND-3b55bdba,DONOR-08c21a3c,PROG-feed88eb,7123584,KES,2026,3083068,active
FUND-9090a556,DONOR-08c21a3c,PROG-aaa510cb,6018402,KES,2025,5461413,completed
FUND-06b456cd,DONOR-08c21a3c,PROG-aaa510cb,5516796,KES,2026,3220923,active
FUND-e03a4699,DONOR-08c21a3c,PROG-1f8ed400,3104313,KES,2025,2892219,completed
FUND-ea3c0dd2,DONOR-08c21a3c,PROG-1f8ed400,2942983,KES,2026,1397245,active
FUND-1b45d18c,DONOR-08c21a3c,PROG-68d428ee,3491630,KES,2024,2998572,completed
FUND-b185cf0d,DONOR-08c21a3c,PROG-74e9906c,2999182,KES,2024,2594353,completed
FUND-31961cf8,DONOR-08c21a3c,PROG-74e9906c,2511468,KES,2025,2442259,completed
FUND-a9e2c53c,DONOR-08c21a3c,PROG-74e9906c,4704656,KES,2026,3203529,active
FUND-6bf9af33,DONOR-08c21a3c,PROG-af20e065,4976316,KES,2025,4672153,completed
FUND-0d64d503,DONOR-08c21a3c,PROG-af20e065,7852115,KES,2026,5703788,active
FUND-a7783ed3,DONOR-08c21a3c,PROG-66ed5471,2289509,KES,2026,1005264,active
FUND-d0644d06,DONOR-08c21a3c,PROG-4c6bd4fc,2471171,KES,2024,2295637,completed
FUND-ae6dbfa4,DONOR-08c21a3c,PROG-3a17d4bd,9716988,KES,2024,9304411,completed
FUND-53c6d379,DONOR-08c21a3c,PROG-0634a90b,4714459,KES,2025,4422122,completed
FUND-f6b034cc,DONOR-08c21a3c,PROG-0634a90b,3188268,KES,2026,2191301,active
FUND-9209fb11,DONOR-08c21a3c,PROG-ff57bf40,4455046,KES,2024,3854305,completed
FUND-c3f0b624,DONOR-08c21a3c,PROG-ff57bf40,2853095,KES,2025,2738551,completed
FUND-d3806ebb,DONOR-08c21a3c,PROG-ff57bf40,4821228,KES,2026,2134731,suspended
FUND-50330151,DONOR-faf240b8,PROG-0cf61d24,5981450,KES,2024,5935502,completed
FUND-e4a6274a,DONOR-faf240b8,PROG-0cf61d24,3543292,KES,2025,3331964,completed
FUND-01decd54,DONOR-faf240b8,PROG-5e55f4d1,12324603,KES,2025,10735919,completed
FUND-f6a80518,DONOR-faf240b8,PROG-5e55f4d1,9360633,KES,2026,3515380,active
FUND-e2390123,DONOR-faf240b8,PROG-8abb3b37,11493206,KES,2025,9788871,completed
FUND-59324bc9,DONOR-faf240b8,PROG-8abb3b37,9880098,KES,2026,4105142,active
FUND-7530d38f,DONOR-faf240b8,PROG-828a29a3,10352113,KES,2024,10304134,completed
FUND-891340a4,DONOR-faf240b8,PROG-828a29a3,9353742,KES,2025,8716786,completed
FUND-c711747b,DONOR-faf240b8,PROG-db4ffd29,6728923,KES,2025,6175086,completed
FUND-03236247,DONOR-faf240b8,PROG-4f9acb42,2736936,KES,2025,2433599,completed
FUND-0ed6856d,DONOR-faf240b8,PROG-4f9acb42,1811219,KES,2026,1267073,active
FUND-04d74947,DONOR-faf240b8,PROG-e68415d3,2629165,KES,2025,2469061,completed
FUND-8983b59a,DONOR-faf240b8,PROG-28089117,3519979,KES,2024,3489589,completed
FUND-8efcb5c8,DONOR-faf240b8,PROG-28089117,10284673,KES,2025,8824593,completed
FUND-cae79adb,DONOR-faf240b8,PROG-c0a36c24,7450404,KES,2026,3232211,active
FUND-114842eb,DONOR-faf240b8,PROG-9c31bb5a,6576811,KES,2024,5644060,completed
FUND-d596b294,DONOR-faf240b8,PROG-af20e065,2735079,KES,2024,2364607,completed
FUND-fb7818db,DONOR-faf240b8,PROG-ff2c588f,2723945,KES,2025,2660110,completed
FUND-890f31c9,DONOR-faf240b8,PROG-7ccb0bcb,3475284,KES,2026,1185112,suspended
